Song,Artist,Genre,Year,added,bpm,energy,dance,dB,liveliness,valence,duration,acousticness,speechiness,popularity
Mood (feat. iann dior),24kGoldn,cali rap,2020,2020‑12‑19,91,72,70,-4,27,76,141,22,4,100
positions,Ariana Grande,pop,2020,2020‑12‑19,144,80,74,-5,9,68,172,47,9,99
What You Know Bout Love,Pop Smoke,brooklyn drill,2020,2020‑12‑19,84,55,71,-8,13,54,160,65,35,96
you broke me first,Tate McRae,dance pop,2020,2020‑12‑19,124,37,64,-9,9,8,169,79,5,95
Lonely (with benny blanco),Justin Bieber,canadian pop,2020,2020‑12‑19,80,24,63,-7,12,9,149,86,4,95
WITHOUT YOU,The Kid LAROI,australian hip hop,2020,2020‑12‑19,93,41,66,-7,13,47,161,21,3,95
HOLIDAY,Lil Nas X,country rap,2020,2020‑12‑19,152,51,81,-7,8,84,155,12,16,95
Lemonade,Internet Money,pop rap,2020,2020‑12‑19,140,66,80,-6,11,47,195,26,8,94
Monster (Shawn Mendes & Justin Bieber),Shawn Mendes,canadian pop,2020,2020‑12‑19,146,38,65,-7,8,55,179,7,5,94
Levitating (feat. DaBaby),Dua Lipa,dance pop,2020,2020‑12‑19,103,83,70,-4,7,92,203,1,6,92
Take You Dancing,Jason Derulo,dance pop,2020,2020‑12‑19,113,71,79,-4,9,75,190,3,4,92
Put Your Records On,Ritt Momney,bedroom pop,2020,2020‑12‑19,91,49,40,-11,11,15,210,6,5,92
Wonder,Shawn Mendes,canadian pop,2020,2020‑12‑19,140,64,33,-5,15,13,173,13,6,91
Stuck with U (with Justin Bieber),Ariana Grande,pop,2020,2020‑12‑19,179,45,60,-7,38,54,228,22,4,90
Sofia,Clairo,bedroom pop,2019,2020‑12‑19,113,62,74,-10,23,64,188,60,4,90
At My Worst,Pink Sweat$,bedroom soul,2020,2020‑12‑19,92,42,81,-6,13,67,170,78,3,88
Be Kind (with Halsey),Marshmello,brostep,2020,2020‑12‑19,94,63,63,-7,5,45,173,1,5,87
"10,000 Hours (with Justin Bieber)",Dan + Shay,contemporary country,2019,2020‑12‑19,90,63,65,-5,11,43,168,15,3,87
Pumped Up Kicks,Foster The People,indie pop,2011,2020‑12‑19,128,71,73,-6,10,97,240,14,3,86
The Scientist,Coldplay,permanent wave,2002,2020‑12‑19,146,44,56,-7,11,21,310,73,2,86
No Guidance (feat. Drake),Chris Brown,dance pop,2019,2020‑12‑25,93,45,70,-7,16,14,261,12,15,85
Intentions (feat. Quavo),Justin Bieber,canadian pop,2020,2020‑12‑19,148,55,81,-7,10,87,213,30,6,85
This City,Sam Fischer,australian pop,2019,2020‑12‑19,74,38,61,-6,8,52,195,73,4,85
Umbrella,Rihanna,barbadian pop,2008,2020‑12‑19,174,83,58,-5,4,57,276,1,13,85
"Hey, Soul Sister",Train,dance pop,2010,2020‑12‑19,97,89,67,-4,8,80,217,19,4,85
Mirrors,Justin Timberlake,dance pop,2013,2020‑12‑19,77,51,57,-7,9,51,484,23,5,85
Livin' On A Prayer,Bon Jovi,glam metal,1986,2020‑12‑19,123,89,53,-4,29,80,249,8,3,85
Hotel California - 2013 Remaster,Eagles,album rock,1976,2020‑12‑19,147,51,58,-9,6,61,391,1,3,85
Hips Don't Lie (feat. Wyclef Jean),Shakira,colombian pop,2005,2020‑12‑19,100,82,78,-6,41,76,218,28,7,85
Be Like That - feat. Swae Lee & Khalid,Kane Brown,contemporary country,2020,2020‑12‑19,87,63,73,-8,13,32,191,5,7,85
Yeah! (feat. Lil Jon & Ludacris),Usher,atl hip hop,2004,2020‑12‑19,105,79,89,-5,4,58,250,2,11,84
The Nights,Avicii,big room,2014,2020‑12‑19,126,84,53,-5,25,65,177,2,4,84
I'm Yours,Jason Mraz,acoustic pop,2008,2020‑12‑19,151,46,69,-8,11,72,242,60,5,84
Love The Way You Lie,Eminem,detroit hip hop,2010,2020‑12‑19,87,93,75,-5,52,64,263,24,23,84
Dancing On My Own,Calum Scott,neo mellow,2018,2020‑12‑19,113,17,68,-9,10,24,260,84,3,84
What Makes You Beautiful,One Direction,boy band,2012,2020‑12‑19,125,79,73,-2,6,89,200,1,7,84
Story of My Life,One Direction,boy band,2013,2020‑12‑19,121,66,60,-6,12,29,245,23,5,84
OK Not To Be OK,Marshmello,brostep,2020,2020‑12‑19,103,84,74,-5,7,26,160,2,6,83
Classic,MKTO,dance pop,2012,2020‑12‑19,102,79,72,-5,16,76,175,4,12,83
Bad Romance,Lady Gaga,dance pop,2009,2020‑12‑19,119,92,70,-4,8,71,295,0,4,83
TiK ToK,Kesha,dance pop,2010,2020‑12‑19,120,84,76,-3,29,71,200,10,14,83
Don't Stop Believin',Journey,album rock,1981,2020‑12‑19,119,75,50,-9,45,51,251,13,4,83
How to Save a Life,The Fray,neo mellow,2005,2020‑12‑19,122,74,64,-4,10,36,263,27,4,83
My Boo,Usher,atl hip hop,2004,2020‑12‑19,86,51,66,-8,5,68,223,26,12,83
A Thousand Years,Christina Perri,dance pop,2011,2020‑12‑19,139,41,42,-7,11,16,285,31,3,83
More Than My Hometown,Morgan Wallen,contemporary country,2020,2020‑12‑19,126,88,62,-5,13,57,217,60,5,83
7 Summers,Morgan Wallen,contemporary country,2020,2020‑12‑19,204,77,46,-5,12,59,210,43,3,83
I Hope,Gabby Barrett,contemporary country,2020,2020‑12‑19,76,54,47,-6,11,38,211,10,4,83
Who's Laughing Now,Ava Max,dance pop,2020,2020‑12‑25,184,64,65,-6,11,51,180,1,4,82
Stereo Hearts (feat. Adam Levine),Gym Class Heroes,dance pop,2011,2020‑12‑19,90,80,65,-3,27,80,211,3,10,82
Everybody Talks,Neon Trees,indie poptimism,2012,2020‑12‑19,155,92,47,-4,31,73,177,0,6,82
Empire State Of Mind,JAY-Z,east coast hip hop,2009,2020‑12‑19,174,96,49,-2,46,81,277,3,39,82
"Give Me Everything (feat. Ne-Yo, Afrojack & Nayer)",Pitbull,dance pop,2011,2020‑12‑19,129,94,67,-3,30,53,252,19,16,82
Hey There Delilah,Plain White T's,neo mellow,2005,2020‑12‑19,104,29,66,-11,11,30,233,87,3,82
No One,Alicia Keys,hip pop,2007,2020‑12‑19,90,55,64,-5,13,17,254,2,3,82
Just the Way You Are,Bruno Mars,dance pop,2010,2020‑12‑19,109,84,64,-5,9,43,221,2,4,82
Summer,Calvin Harris,dance pop,2014,2020‑12‑19,128,86,60,-4,14,74,223,2,3,82
Beautiful Crazy,Luke Combs,contemporary country,2018,2020‑12‑19,103,40,55,-7,9,38,193,68,3,82
Whiskey Glasses,Morgan Wallen,contemporary country,2018,2020‑12‑19,150,68,61,-5,12,71,234,37,3,82
Wonderwall,Oasis,beatlesque,1995,2020‑12‑19,175,85,41,-6,13,46,259,0,4,81
Viva La Vida,Coldplay,permanent wave,2008,2020‑12‑19,138,62,49,-7,11,42,242,10,3,81
This Love,Maroon 5,pop,2002,2020‑12‑19,95,86,71,-5,9,81,206,5,4,81
The Reason,Hoobastank,alternative metal,2003,2020‑12‑19,83,67,47,-5,16,7,233,1,3,81
American Boy,Estelle,neo soul,2008,2020‑12‑19,118,73,73,-3,7,51,285,17,33,81
Fight Song,Rachel Platten,dance pop,2016,2020‑12‑19,176,71,56,-5,16,33,204,5,13,81
Fireflies,Owl City,indietronica,2009,2020‑12‑19,180,66,51,-7,12,47,228,3,4,81
I Want It That Way,Backstreet Boys,boy band,1999,2020‑12‑19,99,69,69,-6,15,48,213,26,3,81
If I Ain't Got You,Alicia Keys,hip pop,2003,2020‑12‑19,118,45,61,-9,10,17,229,60,11,81
Timber (feat. Ke$ha),Pitbull,dance pop,2012,2020‑12‑19,130,96,58,-4,14,79,204,3,10,81
Eenie Meenie,Sean Kingston,dance pop,2010,2020‑12‑19,121,61,72,-4,11,83,202,5,3,81
Down,Jay Sean,dance pop,2009,2020‑12‑19,66,70,66,-4,8,68,212,1,3,81
Hall of Fame (feat. will.i.am),The Script,celtic rock,2012,2020‑12‑19,85,87,42,-4,12,63,203,7,6,81
Chasin' You,Morgan Wallen,contemporary country,2018,2020‑12‑19,97,59,63,-6,11,49,205,66,3,81
"Sugar, We're Goin Down",Fall Out Boy,emo,2005,2020‑12‑19,162,84,49,-5,12,57,229,1,8,80
Don't You Worry Child - Radio Edit,Swedish House Mafia,big room,2012,2020‑12‑19,129,84,61,-3,12,44,213,11,5,80
Stan,Eminem,detroit hip hop,2000,2020‑12‑19,80,77,78,-4,52,51,404,4,24,80
Riptide,Vance Joy,folk-pop,2014,2020‑12‑19,102,73,48,-7,15,51,204,43,4,80
Beautiful Girls,Sean Kingston,dance pop,2007,2020‑12‑19,130,66,76,-6,26,77,225,15,7,80
Chasing Cars,Snow Patrol,irish rock,2006,2020‑12‑19,104,59,56,-5,13,14,268,21,3,80
Dilemma,Nelly,dance pop,2002,2020‑12‑19,168,55,73,-8,20,61,289,23,14,80
Drops of Jupiter (Tell Me),Train,dance pop,2001,2020‑12‑19,79,64,47,-6,15,50,260,15,3,80
DJ Got Us Fallin' In Love (feat. Pitbull),Usher,atl hip hop,2010,2020‑12‑19,120,86,66,-3,8,65,221,3,11,80
Complicated,Avril Lavigne,canadian pop,2002,2020‑12‑19,78,78,59,-6,30,43,245,6,5,80
Not Afraid,Eminem,detroit hip hop,2010,2020‑12‑19,115,95,86,-1,21,67,248,53,26,80
Iris,The Goo Goo Dolls,alternative rock,1998,2020‑12‑19,156,72,32,-8,9,50,290,0,4,80
Heartless (feat. Morgan Wallen),Diplo,bmore,2020,2020‑12‑19,111,56,77,-6,8,27,169,28,5,80
I Should Probably Go To Bed,Dan + Shay,contemporary country,2020,2020‑12‑19,132,28,72,-7,11,31,172,63,4,80
Heartless,Kanye West,chicago rap,2008,2020‑12‑23,88,65,79,-6,25,65,211,5,14,79
Me And My Broken Heart,Rixton,post-teen pop,2014,2020‑12‑19,174,78,55,-4,13,55,194,0,3,79
Super Bass,Nicki Minaj,dance pop,2010,2020‑12‑19,127,86,72,-4,60,67,200,27,20,79
Whistle,Flo Rida,dance pop,2012,2020‑12‑19,104,94,75,-6,29,74,225,2,5,79
"Young, Wild & Free (feat. Bruno Mars)",Snoop Dogg,g funk,2011,2020‑12‑19,95,66,72,-6,12,53,207,5,14,79
The Way I Are,Timbaland,dance pop,2007,2020‑12‑19,115,81,73,-6,32,77,179,18,10,79
Love You Like A Love Song,Selena Gomez & The Scene,dance pop,2011,2020‑12‑19,117,68,86,-4,7,92,188,8,5,79
Gold Digger,Kanye West,chicago rap,2005,2020‑12‑19,93,70,63,-6,6,62,208,2,35,79
Someone Like You,Adele,british soul,2011,2020‑12‑19,135,32,56,-8,10,29,285,89,3,79
Bleeding Love,Leona Lewis,british soul,2007,2020‑12‑19,104,66,64,-6,15,23,262,19,4,79
So Sick,Ne-Yo,dance pop,2006,2020‑12‑19,93,57,45,-8,19,58,207,25,31,79
One Of Them Girls,Lee Brice,contemporary country,2020,2020‑12‑19,96,79,64,-6,11,80,189,29,5,79
Love You Like I Used To,Russell Dickerson,contemporary country,2020,2020‑12‑19,152,79,50,-5,14,61,187,12,4,79
One Thing Right,Marshmello,brostep,2019,2020‑12‑19,88,62,66,-2,58,44,182,7,5,79
One Too Many,Keith Urban,australian country,2020,2020‑12‑19,83,54,70,-7,57,59,204,25,7,79
Meant to Be (feat. Florida Georgia Line),Bebe Rexha,dance pop,2017,2020‑12‑19,154,78,64,-6,8,58,164,5,9,79
The Bones,Maren Morris,contemporary country,2019,2020‑12‑19,77,57,61,-7,10,33,197,28,3,79
Dancing in the Moonlight,Toploader,british alternative rock,2000,2020‑12‑31,119,86,63,-3,35,87,233,6,4,78
You And Me,Lifehouse,alternative metal,2005,2020‑12‑19,140,43,46,-8,17,35,195,11,3,78
Wild Ones (feat. Sia),Flo Rida,dance pop,2012,2020‑12‑19,127,86,61,-5,26,44,233,10,6,78
Secrets,OneRepublic,dance pop,2009,2020‑12‑19,148,76,52,-6,12,38,225,7,4,78
Still into You,Paramore,candy pop,2013,2020‑12‑19,136,92,60,-4,6,77,216,1,4,78
Die Young,Kesha,dance pop,2012,2020‑12‑19,128,70,71,-5,22,80,212,0,5,78
We Are Young (feat. Janelle Monáe),fun.,baroque pop,2012,2020‑12‑19,184,64,38,-6,8,74,251,2,8,78
Wake Me up When September Ends,Green Day,permanent wave,2004,2020‑12‑19,105,81,55,-5,10,15,286,2,3,78
Take A Bow,Rihanna,barbadian pop,2008,2020‑12‑19,82,47,70,-8,9,57,229,25,7,78
Heart Attack,Demi Lovato,dance pop,2013,2020‑12‑19,174,79,50,-5,24,50,211,7,10,78
Good Time,Owl City,indietronica,2012,2020‑12‑19,126,87,56,-4,37,68,206,2,14,78
"I Don't Want to Miss a Thing - From ""Armageddon"" Soundtrack",Aerosmith,album rock,1998,2020‑12‑19,121,66,38,-5,25,14,299,17,3,78
Kiss Me Thru The Phone,Soulja Boy,atl hip hop,2008,2020‑12‑19,150,71,76,-4,7,80,193,2,11,78
Paper Planes,M.I.A.,dance pop,2007,2020‑12‑19,172,85,45,-6,65,49,205,3,22,78
It Wasn't Me,Shaggy,dance pop,2000,2020‑12‑19,95,61,85,-5,31,65,228,6,7,78
A Thousand Miles,Vanessa Carlton,dance pop,2002,2020‑12‑19,95,83,56,-4,16,27,237,32,4,78
Happy Anywhere (feat. Gwen Stefani),Blake Shelton,contemporary country,2020,2020‑12‑19,166,75,54,-6,6,67,170,10,4,78
Pretty Heart,Parker McCollum,contemporary country,2019,2020‑12‑19,132,68,56,-4,11,39,245,1,3,78
One Man Band,Old Dominion,contemporary country,2019,2020‑12‑19,76,36,71,-8,11,48,186,68,3,78
Hurricane,Luke Combs,contemporary country,2017,2020‑12‑19,76,81,46,-6,25,52,223,2,4,78
She Got the Best of Me,Luke Combs,contemporary country,2018,2020‑12‑19,151,91,53,-4,39,70,183,3,4,78
Who Says,Selena Gomez & The Scene,dance pop,2011,2020‑12‑29,101,93,68,-3,15,74,196,8,5,77
No Hands (feat. Roscoe Dash & Wale),Waka Flocka Flame,atl hip hop,2010,2020‑12‑19,131,60,76,-6,24,36,264,1,4,77
Unwritten,Natasha Bedingfield,dance pop,2004,2020‑12‑19,100,80,71,-6,8,63,259,1,4,77
Somebody That I Used To Know,Gotye,australian pop,2011,2020‑12‑19,129,50,86,-7,10,72,245,59,4,77
Buy U a Drank (Shawty Snappin'),T-Pain,dance pop,2007,2020‑12‑19,80,55,45,-8,7,59,228,1,26,77
Lucky,Jason Mraz,acoustic pop,2008,2020‑12‑19,130,42,62,-9,14,72,191,30,4,77
Bad Day,Daniel Powter,canadian pop,2005,2020‑12‑19,140,79,60,-4,15,52,234,45,3,77
Here Without You,3 Doors Down,alternative metal,2002,2020‑12‑19,144,53,56,-7,21,23,239,5,3,77
Disturbia,Rihanna,barbadian pop,2008,2020‑12‑19,125,81,71,-5,17,72,239,9,6,77
Let Me Love You,Mario,dance pop,2004,2020‑12‑19,95,58,66,-9,12,56,257,24,9,77
The One That Got Away,Katy Perry,dance pop,2012,2020‑12‑19,134,79,69,-4,20,86,227,0,4,77
Big Girls Don't Cry (Personal),Fergie,dance pop,2006,2020‑12‑19,113,64,71,-4,9,25,268,21,3,77
Hooked on a Feeling,Blue Swede,classic swedish pop,1973,2020‑12‑19,118,82,55,-7,30,93,173,26,8,77
Because Of You,Ne-Yo,dance pop,2007,2020‑12‑19,110,54,81,-6,10,83,267,53,4,77
No Diggity,Blackstreet,boy band,1996,2020‑12‑19,89,65,87,-5,28,67,305,30,29,77
21 Guns,Green Day,permanent wave,2009,2020‑12‑19,160,74,27,-5,63,42,321,5,4,77
Good Riddance (Time of Your Life),Green Day,permanent wave,1997,2020‑12‑19,95,43,48,-8,16,65,153,18,3,77
Mr. Brightside,The Killers,modern rock,2004,2020‑12‑19,148,92,36,-4,10,23,223,0,8,77
Airplanes (feat. Hayley Williams),B.o.B,atl hip hop,2010,2020‑12‑19,93,87,66,-4,4,38,180,11,12,77
Almost Maybes,Jordan Davis,contemporary country,2020,2020‑12‑19,90,87,58,-4,10,56,179,15,5,77
In Case You Didn't Know,Brett Young,contemporary country,2017,2020‑12‑19,148,54,61,-7,10,43,225,39,3,77
Speechless,Dan + Shay,contemporary country,2018,2020‑12‑19,136,44,62,-6,24,39,213,36,3,77
Heaven,Kane Brown,contemporary country,2017,2020‑12‑19,80,56,68,-7,11,52,180,26,3,77
Whatever You Like,T.I.,atl hip hop,2008,2020‑12‑19,150,69,68,-6,26,47,250,2,7,76
Tonight Tonight,Hot Chelle Rae,dance pop,2011,2020‑12‑19,100,78,69,-5,16,81,200,8,12,76
You Found Me,The Fray,neo mellow,2009,2020‑12‑19,152,80,34,-5,14,40,242,2,4,76
Because of You,Kelly Clarkson,dance pop,2004,2020‑12‑19,140,58,59,-5,12,15,219,25,3,76
Forever,Chris Brown,dance pop,2008,2020‑12‑19,120,82,67,-4,18,44,279,4,5,76
Love Song,Sara Bareilles,acoustic pop,2007,2020‑12‑19,123,79,58,-3,19,57,259,2,3,76
Live Your Life,T.I.,atl hip hop,2008,2020‑12‑19,160,86,38,-3,21,48,339,7,26,76
Clarity,Zedd,complextro,2012,2020‑12‑19,128,78,51,-3,7,18,271,4,7,76
Day 'N' Nite (nightmare),Kid Cudi,hip hop,2009,2020‑12‑19,138,44,87,-6,11,80,221,50,8,76
Cry Me a River,Justin Timberlake,dance pop,2002,2020‑12‑19,74,65,62,-7,10,56,288,57,18,76
Club Can't Handle Me (feat. David Guetta),Flo Rida,dance pop,2010,2020‑12‑19,128,87,62,-4,6,47,235,3,3,76
Tequila,Dan + Shay,contemporary country,2018,2020‑12‑19,86,58,49,-6,13,49,197,3,3,76
Even Though I'm Leaving,Luke Combs,contemporary country,2019,2020‑12‑19,78,76,55,-6,30,62,225,23,3,76
Die A Happy Man,Thomas Rhett,contemporary country,2015,2020‑12‑19,166,39,60,-9,12,40,227,42,3,76
What’s Your Country Song,Thomas Rhett,contemporary country,2020,2020‑12‑19,174,71,36,-6,26,52,170,0,3,76
Body Like A Back Road,Sam Hunt,contemporary country,2017,2020‑12‑19,99,46,73,-7,14,66,165,45,3,76
What Ifs (feat. Lauren Alaina),Kane Brown,contemporary country,2016,2020‑12‑19,126,80,61,-5,17,69,188,1,3,76
Replay,Iyaz,dance pop,2009,2020‑12‑19,91,75,71,-6,17,20,182,17,7,75
Ready or Not,Bridgit Mendler,dance pop,2012,2020‑12‑19,93,87,72,-4,11,75,201,0,5,75
Pursuit Of Happiness (Nightmare),Kid Cudi,hip hop,2009,2020‑12‑19,115,61,63,-9,30,27,295,48,4,75
Apologize,Timbaland,dance pop,2007,2020‑12‑19,118,60,65,-6,10,10,184,3,3,75
Beautiful Soul,Jesse McCartney,dance pop,2004,2020‑12‑19,90,67,66,-4,3,93,214,8,5,75
Hot In Herre,Nelly,dance pop,2002,2020‑12‑19,107,75,96,-5,6,91,228,21,12,75
Feel This Moment (feat. Christina Aguilera),Pitbull,dance pop,2012,2020‑12‑19,136,76,67,-4,34,54,230,4,16,75
Always Be My Baby,Mariah Carey,dance pop,1995,2020‑12‑19,79,53,65,-8,25,49,258,46,4,75
Just Can’t Get Enough,Black Eyed Peas,dance pop,2010,2020‑12‑19,94,63,66,-9,11,26,219,19,18,75
It Girl,Jason Derulo,dance pop,2011,2020‑12‑19,92,72,67,-5,10,35,192,2,6,75
Best I Ever Had,Drake,canadian hip hop,2009,2020‑12‑19,162,92,40,-2,13,56,258,19,38,75
Nothin' on You (feat. Bruno Mars),B.o.B,atl hip hop,2010,2020‑12‑19,104,85,69,-6,9,74,268,39,5,75
One Thing,One Direction,boy band,2012,2020‑12‑19,127,72,71,-4,8,66,198,0,3,75
I Gotta Feeling,Black Eyed Peas,dance pop,2009,2020‑12‑19,128,77,74,-6,51,61,289,9,3,75
Troublemaker (feat. Flo Rida),Olly Murs,dance pop,2012,2020‑12‑19,106,86,76,-4,13,97,186,2,6,75
California Gurls,Katy Perry,dance pop,2012,2020‑12‑19,125,75,79,-4,16,43,235,0,6,75
Count on Me,Bruno Mars,dance pop,2010,2020‑12‑19,89,40,58,-6,8,51,197,84,3,75
Where Them Girls At (feat. Nicki Minaj & Flo Rida),David Guetta,dance pop,2012,2020‑12‑19,130,88,67,-3,26,55,195,6,4,75
El Perdón,Nicky Jam,latin,2017,2020‑12‑19,180,69,63,-6,11,66,206,45,5,75
Up Down (feat. Florida Georgia Line),Morgan Wallen,contemporary country,2018,2020‑12‑19,130,88,59,-3,15,79,197,8,4,75
Simple,Florida Georgia Line,contemporary country,2019,2020‑12‑19,200,88,36,-4,15,86,185,8,10,75
Rumor,Lee Brice,contemporary country,2017,2020‑12‑19,141,56,66,-7,12,60,198,75,5,75
Billionaire (feat. Bruno Mars),Travie McCoy,dance pop,2010,2020‑12‑19,87,67,63,-6,21,66,211,30,26,74
U Remind Me,Usher,atl hip hop,2001,2020‑12‑19,94,63,66,-5,25,73,267,19,8,74
With You,Chris Brown,dance pop,2007,2020‑12‑19,86,69,66,-4,14,66,252,13,7,74
The Show Goes On,Lupe Fiasco,alternative hip hop,2011,2020‑12‑19,143,89,59,-4,16,65,240,2,12,74
Where Is The Love?,Black Eyed Peas,dance pop,2003,2020‑12‑19,94,70,83,-3,13,80,273,11,20,74
She Will Be Loved,Maroon 5,pop,2002,2020‑12‑19,102,71,71,-6,13,54,257,6,3,74
Boulevard of Broken Dreams,Green Day,permanent wave,2004,2020‑12‑19,167,68,49,-4,4,51,261,0,3,74
Beauty And A Beat,Justin Bieber,canadian pop,2012,2020‑12‑19,128,84,60,-5,7,53,228,0,6,74
Marry You,Bruno Mars,dance pop,2010,2020‑12‑19,145,83,62,-5,10,48,230,33,4,74
Promiscuous,Nelly Furtado,canadian latin,2006,2020‑12‑19,114,98,80,-6,14,84,242,5,5,74
BedRock,Young Money,dirty south rap,2009,2020‑12‑19,148,66,73,-6,19,56,288,10,30,74
Best Thing I Never Had,Beyoncé,dance pop,2011,2020‑12‑19,99,65,55,-4,9,30,254,14,3,74
Poker Face,Lady Gaga,dance pop,2008,2020‑12‑19,119,81,85,-5,12,79,237,12,8,74
Irreplaceable,Beyoncé,dance pop,2007,2020‑12‑19,176,69,45,-5,17,51,228,3,38,74
Gives You Hell,The All-American Rejects,modern rock,2008,2020‑12‑19,100,69,72,-6,6,55,213,2,4,74
Hard To Forget,Sam Hunt,contemporary country,2020,2020‑12‑19,130,69,69,-6,57,66,205,23,5,74
Die From A Broken Heart,Maddie & Tae,contemporary country,2020,2020‑12‑19,76,52,60,-7,29,44,188,37,4,74
Every Other Memory,Ryan Hurd,contemporary country,2020,2020‑12‑19,103,73,63,-7,11,52,219,0,4,74
Just the Way,Parmalee,contemporary country,2019,2020‑12‑19,180,83,43,-3,32,81,194,11,6,74
Nobody But You (Duet with Gwen Stefani),Blake Shelton,contemporary country,2019,2020‑12‑19,144,65,46,-6,17,23,195,11,3,74
Eyes On You,Chase Rice,contemporary country,2017,2020‑12‑19,97,65,61,-7,20,48,182,32,3,74
The Good Ones,Gabby Barrett,contemporary country,2020,2020‑12‑30,90,55,52,-5,15,33,215,18,3,73
The Time (Dirty Bit),Black Eyed Peas,dance pop,2010,2020‑12‑30,128,81,82,-8,60,44,308,7,7,73
Starships,Nicki Minaj,dance pop,2011,2020‑12‑19,125,72,75,-2,25,75,211,14,8,73
Some Nights,fun.,baroque pop,2012,2020‑12‑19,108,74,67,-7,9,39,277,2,5,73
Your Love,The Outfield,album rock,1985,2020‑12‑19,130,76,56,-8,6,58,222,10,6,73
What Goes Around.../...Comes Around (Interlude),Justin Timberlake,dance pop,2006,2020‑12‑19,76,72,69,-5,57,43,449,12,7,73
Dynamite,Taio Cruz,dance pop,2010,2020‑12‑19,120,80,75,-3,3,82,204,0,9,73
Animal,Neon Trees,indie poptimism,2010,2020‑12‑19,148,83,48,-6,37,74,212,0,4,73
The Lazy Song,Bruno Mars,dance pop,2010,2020‑12‑19,175,80,74,-4,28,95,190,33,6,73
OMG (feat. will.i.am),Usher,atl hip hop,2010,2020‑12‑19,130,75,78,-6,36,33,269,20,3,73
Just Dance,Lady Gaga,dance pop,2008,2020‑12‑19,119,74,82,-5,18,75,242,3,3,73
Crazy,Gnarls Barkley,atl hip hop,2006,2020‑12‑19,112,74,84,-2,8,61,182,2,3,73
Love Story,Taylor Swift,dance pop,2008,2020‑12‑19,119,74,62,-4,8,30,235,17,3,73
Keep Your Head Up,Andy Grammer,modern rock,2011,2020‑12‑19,90,78,67,-5,14,82,190,5,4,73
Give Your Heart a Break,Demi Lovato,dance pop,2011,2020‑12‑19,123,70,65,-3,14,57,205,23,5,73
Beautiful,Christina Aguilera,dance pop,2002,2020‑12‑19,76,57,46,-4,11,10,239,58,3,73
DONTTRUSTME,3OH!3,dance pop,2008,2020‑12‑19,130,71,79,-4,19,51,193,2,25,73
Good Life,OneRepublic,dance pop,2009,2020‑12‑19,95,69,63,-8,13,65,253,8,5,73
H.O.L.Y.,Florida Georgia Line,contemporary country,2016,2020‑12‑19,78,67,52,-4,7,56,194,40,3,73
House Party,Sam Hunt,contemporary country,2014,2020‑12‑19,104,86,75,-5,3,86,190,11,5,73
Marry Me,Thomas Rhett,contemporary country,2017,2020‑12‑19,85,41,33,-9,11,47,205,10,3,73
Does To Me (feat. Eric Church),Luke Combs,contemporary country,2019,2020‑12‑19,113,85,62,-5,31,64,223,31,4,73
Champagne Night - From Songland,Lady A,contemporary country,2020,2020‑12‑19,150,93,52,-3,17,94,185,3,5,73
One Number Away,Luke Combs,contemporary country,2017,2020‑12‑19,144,78,54,-6,19,53,222,1,3,73
Just About Over You - Radio Edit,Priscilla Block,contemporary country,2020,2020‑12‑19,150,79,55,-3,16,59,188,19,3,73
You Make It Easy,Jason Aldean,contemporary country,2018,2020‑12‑19,132,57,38,-5,11,41,197,14,3,73
Beer Can’t Fix,Thomas Rhett,contemporary country,2019,2020‑12‑19,111,77,71,-4,12,94,210,3,3,73
La Di Da,Lennon Stella,canadian pop,2018,2021‑01‑07,150,68,69,-6,22,48,210,20,5,72
Birds,Imagine Dragons,modern rock,2018,2020‑12‑25,120,52,65,-7,14,35,219,1,3,72
Unfaithful,Rihanna,barbadian pop,2006,2020‑12‑19,144,39,59,-9,23,35,227,84,3,72
SOS,Rihanna,barbadian pop,2006,2020‑12‑19,137,67,68,-5,41,53,239,0,4,72
Since U Been Gone,Kelly Clarkson,dance pop,2004,2020‑12‑19,131,74,66,-5,11,38,189,0,3,72
Shake It,Metro Station,electropowerpop,2007,2020‑12‑19,150,96,62,-4,49,79,180,0,8,72
You Belong With Me,Taylor Swift,dance pop,2008,2020‑12‑19,130,78,69,-4,11,44,231,16,4,72
As Long As You Love Me,Justin Bieber,canadian pop,2012,2020‑12‑19,140,87,57,-3,36,61,229,8,10,72
I'm with You,Avril Lavigne,canadian pop,2002,2020‑12‑19,152,41,46,-7,12,21,223,8,3,72
Fire Burning,Sean Kingston,dance pop,2009,2020‑12‑19,123,80,84,-3,33,89,240,2,3,72
Bottoms Up (feat. Nicki Minaj),Trey Songz,dance pop,2010,2020‑12‑19,74,60,84,-5,39,33,242,2,16,72
As Long as You Love Me,Backstreet Boys,boy band,1997,2020‑12‑19,98,80,80,-5,22,83,221,28,3,72
Dirty Little Secret,The All-American Rejects,modern rock,2005,2020‑12‑19,144,95,47,-4,57,46,194,0,4,72
Ignition - Remix,R. Kelly,,2003,2020‑12‑19,133,52,80,-7,9,86,186,6,4,72
Coming Home,Diddy - Dirty Money,hip pop,2010,2020‑12‑19,168,84,39,-2,30,23,239,16,19,72
Not Over You,Gavin DeGraw,acoustic pop,2011,2020‑12‑19,142,89,63,-5,18,36,219,26,5,72
Do You Remember,Jay Sean,dance pop,2009,2020‑12‑19,126,67,86,-5,10,80,210,2,6,72
Hate That I Love You,Rihanna,barbadian pop,2008,2020‑12‑19,94,73,64,-5,10,73,219,32,9,72
hole in the bottle (with Shania Twain),Kelsea Ballerini,contemporary country,2020,2020‑12‑19,105,84,60,-5,37,78,156,11,11,72
Good as You,Kane Brown,contemporary country,2019,2020‑12‑19,154,52,63,-6,14,77,192,40,4,72
Small Town Boy,Dustin Lynch,contemporary country,2017,2020‑12‑19,73,74,55,-6,36,67,206,3,3,72
Look What God Gave Her,Thomas Rhett,contemporary country,2019,2020‑12‑19,113,85,74,-4,18,88,169,3,3,72
Greatest Love Story,LANCO,contemporary country,2018,2020‑12‑19,148,62,67,-9,12,62,223,40,6,72
Homesick,Kane Brown,contemporary country,2019,2020‑12‑19,97,50,70,-9,23,41,205,46,3,72
Lady,Brett Young,contemporary country,2020,2020‑12‑19,170,52,41,-8,9,43,193,42,4,72
I Don't Know About You,Chris Lane,contemporary country,2018,2020‑12‑19,144,81,59,-6,12,71,208,60,6,72
Gone Too Soon,Andrew Jannakos,,2020,2020‑12‑19,120,72,53,-6,36,46,169,2,4,72
Slow Dance In A Parking Lot,Jordan Davis,contemporary country,2018,2020‑12‑19,82,84,52,-4,17,52,194,30,3,72
Pump It,Black Eyed Peas,dance pop,2005,2020‑12‑30,154,93,65,-3,75,74,213,1,18,71
When You're Gone,Avril Lavigne,canadian pop,2007,2020‑12‑19,142,72,46,-4,23,17,240,19,3,71
Lighters,Bad Meets Evil,detroit hip hop,2011,2020‑12‑19,90,70,68,-8,12,14,304,35,25,71
Perfect,Simple Plan,canadian pop punk,2018,2020‑12‑19,156,67,49,-5,11,56,277,3,4,71
Over My Head (Cable Car),The Fray,neo mellow,2005,2020‑12‑19,116,73,59,-4,7,71,236,2,4,71
Cooler Than Me,Mike Posner,dance pop,2009,2020‑12‑19,129,52,84,-4,23,77,228,10,8,71
Better in Time,Leona Lewis,british soul,2007,2020‑12‑19,164,70,58,-4,13,55,234,51,5,71
We Belong Together,Mariah Carey,dance pop,2005,2020‑12‑19,140,46,84,-8,9,76,201,3,6,71
Kiss Kiss (feat. T-Pain),Chris Brown,dance pop,2007,2020‑12‑19,140,66,73,-3,7,55,251,5,23,71
Lollipop,Lil Wayne,hip hop,2008,2020‑12‑19,148,43,83,-9,14,45,299,6,8,71
Crush,David Archuleta,dance pop,2008,2020‑12‑19,162,66,57,-5,7,49,214,1,3,71
Picture (feat. Sheryl Crow),Kid Rock,alternative metal,2001,2020‑12‑19,98,50,69,-7,11,38,299,17,2,71
All To Myself,Dan + Shay,contemporary country,2018,2020‑12‑19,95,78,65,-5,13,56,170,21,3,71
What If I Never Get Over You,Lady A,contemporary country,2019,2020‑12‑19,93,72,58,-5,11,34,207,2,3,71
Need You Now,Lady A,contemporary country,2010,2020‑12‑19,108,62,59,-6,20,23,278,9,3,71
Every Little Thing,Russell Dickerson,contemporary country,2017,2020‑12‑19,94,85,64,-5,4,86,191,22,11,71
Hold You Tonight (with Chris Lane),Gryffin,dance pop,2020,2020‑12‑19,164,80,47,-4,26,47,219,10,7,71
Lonely If You Are,Chase Rice,contemporary country,2020,2020‑12‑19,85,73,68,-5,12,82,177,16,5,71
Singles You Up,Jordan Davis,contemporary country,2018,2020‑12‑19,200,91,49,-4,24,63,183,5,5,71
Right Back (feat. A Boogie Wit Da Hoodie),Khalid,alternative r&b,2019,2020‑12‑25,97,43,79,-10,16,56,255,9,31,70
You Make Me Feel... (feat. Sabi),Cobra Starship,dance pop,2011,2020‑12‑19,132,86,67,-3,4,75,216,2,5,70
Sexy Can I,Ray J,pop rap,2008,2020‑12‑19,172,69,57,-6,62,93,204,30,32,70
Right Above It,Lil Wayne,hip hop,2010,2020‑12‑19,76,84,38,-4,58,46,272,4,36,70
Rocketeer,Far East Movement,asian american hip hop,2010,2020‑12‑19,96,85,66,-6,27,36,211,18,5,70
I Kissed A Girl,Katy Perry,dance pop,2008,2020‑12‑19,130,76,70,-3,13,70,180,0,7,70
Glad You Came,The Wanted,boy band,2012,2020‑12‑19,127,84,61,-5,12,43,198,6,7,70
4 Minutes (feat. Justin Timberlake & Timbaland),Madonna,dance pop,2009,2020‑12‑19,113,93,75,-5,23,77,190,1,7,70
Miss Independent,Ne-Yo,dance pop,2008,2020‑12‑19,172,68,67,-6,24,71,232,52,12,70
Impossible,Shontelle,barbadian pop,2010,2020‑12‑19,90,62,60,-4,13,54,227,39,3,70
The Sweet Escape,Gwen Stefani,dance pop,2006,2020‑12‑19,120,77,76,-4,18,73,246,19,3,70
I Wanna Love You,Akon,dance pop,2006,2020‑12‑19,100,45,87,-9,28,37,247,4,4,70
Dead And Gone,T.I.,atl hip hop,2008,2020‑12‑19,135,75,71,-5,60,47,300,4,26,70
wAnt me back,Lindsay Ell,alberta country,2020,2020‑12‑19,156,70,54,-4,11,67,193,17,7,70
Unforgettable,Thomas Rhett,contemporary country,2017,2020‑12‑19,130,75,66,-5,8,83,157,3,3,70
This Is How We Roll,Florida Georgia Line,contemporary country,2013,2020‑12‑19,132,93,56,-3,41,72,221,2,4,70
Cool Again,Kane Brown,contemporary country,2020,2020‑12‑19,90,74,61,-5,36,77,165,2,4,70
Down To The Honkytonk,Jake Owen,contemporary country,2019,2020‑12‑19,82,81,63,-4,9,94,187,19,5,70
Blue Tacoma,Russell Dickerson,contemporary country,2017,2020‑12‑19,160,90,46,-5,17,73,212,2,4,70
Talk You Out Of It,Florida Georgia Line,contemporary country,2019,2020‑12‑19,120,71,65,-5,8,56,203,58,4,70
Blue Ain't Your Color,Keith Urban,australian country,2016,2020‑12‑19,82,42,69,-8,10,48,231,62,3,70
Stay,Rihanna,barbadian pop,2012,2020‑12‑19,112,31,62,-10,12,13,241,95,3,69
Want U Back,Cher Lloyd,dance pop,2011,2020‑12‑19,98,89,70,-3,47,57,214,7,8,69
Wide Awake,Katy Perry,dance pop,2012,2020‑12‑19,160,68,51,-5,39,57,221,7,4,69
Telephone,Lady Gaga,dance pop,2009,2020‑12‑19,122,83,83,-6,11,71,221,1,4,69
Party Rock Anthem,LMFAO,dance pop,2011,2020‑12‑19,130,73,75,-4,27,36,262,2,14,69
Bubbly,Colbie Caillat,acoustic pop,2007,2020‑12‑19,128,47,70,-7,11,25,196,60,4,69
Breakeven,The Script,celtic rock,2008,2020‑12‑19,94,70,63,-5,8,49,261,14,2,69
Pretty Girl Rock,Keri Hilson,dance pop,2010,2020‑12‑19,160,87,67,-5,9,90,244,20,25,69
Move Along,The All-American Rejects,modern rock,2005,2020‑12‑19,110,92,52,-4,29,65,239,0,5,69
I'll Be Missing You (feat. Faith Evans & 112) - 2014 Remaster,Diddy,dance pop,1997,2020‑12‑19,110,62,83,-6,16,90,307,11,5,69
Last Friday Night (T.G.I.F.),Katy Perry,dance pop,2010,2020‑12‑19,126,81,65,-4,67,72,231,0,4,69
Fuck You,CeeLo Green,atl hip hop,2010,2020‑12‑19,127,83,69,-6,14,74,223,13,6,69
Ridin’ Roads,Dustin Lynch,contemporary country,2020,2020‑12‑19,142,82,55,-4,14,59,205,10,4,69
Take It From Me,Jordan Davis,contemporary country,2018,2020‑12‑19,100,89,59,-3,35,67,174,3,5,69
Best Shot,Jimmie Allen,contemporary country,2018,2020‑12‑19,156,46,63,-9,9,52,195,75,3,69
Ocean,Lady A,contemporary country,2019,2020‑12‑19,99,36,58,-8,13,30,210,84,3,69
Take Your Time,Sam Hunt,contemporary country,2014,2020‑12‑19,158,72,56,-6,21,48,244,10,4,69
Right Now (Na Na Na),Akon,dance pop,2008,2020‑12‑19,138,87,83,-4,41,57,241,27,17,68
Somebody Told Me,The Killers,modern rock,2004,2020‑12‑19,138,99,51,-3,12,65,197,0,9,68
It's Gonna Be Me,*NSYNC,boy band,2000,2020‑12‑19,165,87,64,-5,4,91,192,4,7,68
My Life Would Suck Without You,Kelly Clarkson,dance pop,2009,2020‑12‑19,145,88,53,-4,14,42,211,0,5,68
Too Little Too Late - 2018,JoJo,dance pop,2018,2020‑12‑19,83,82,39,-4,19,51,224,0,4,68
I Love It (feat. Charli XCX),Icona Pop,candy pop,2013,2020‑12‑19,126,91,71,-3,15,82,157,1,3,68
You're Beautiful,James Blunt,neo mellow,2005,2020‑12‑19,82,48,68,-10,9,45,209,63,3,68
Magic (feat. Rivers Cuomo),B.o.B,atl hip hop,2010,2020‑12‑19,82,93,55,-4,35,79,196,1,34,68
Let It Rock,Kevin Rudolf,dance pop,2008,2020‑12‑19,113,78,61,-4,7,43,231,0,4,68
Paparazzi,Lady Gaga,dance pop,2008,2020‑12‑19,115,69,76,-4,9,40,208,11,4,68
Don't Matter,Akon,dance pop,2006,2020‑12‑19,125,44,80,-6,33,35,293,24,4,68
Take Back Home Girl (feat. Tori Kelly),Chris Lane,contemporary country,2018,2020‑12‑19,160,80,49,-4,10,64,212,39,7,68
Hotel Key,Old Dominion,contemporary country,2017,2020‑12‑19,102,87,76,-5,31,96,167,15,5,68
Drowning,Chris Young,contemporary country,2019,2020‑12‑19,76,66,44,-5,9,32,190,21,4,68
To a T,Ryan Hurd,contemporary country,2019,2020‑12‑19,120,64,69,-6,11,66,179,17,3,68
Catch,Brett Young,contemporary country,2018,2020‑12‑19,156,77,57,-6,8,60,196,2,4,68
Good Girl,Dustin Lynch,contemporary country,2020,2020‑12‑19,81,70,71,-5,17,69,190,16,9,68
God Whispered Your Name,Keith Urban,australian country,2020,2020‑12‑19,146,60,59,-7,15,50,232,31,5,68
This is Us,Jimmie Allen,contemporary country,2020,2020‑12‑19,145,88,55,-4,6,49,206,15,3,68
Lose It,Kane Brown,contemporary country,2019,2020‑12‑19,92,85,54,-5,25,44,179,0,3,68
Carry Out (Featuring Justin Timberlake),Timbaland,dance pop,2009,2020‑12‑31,116,57,53,-7,26,27,232,11,11,67
Locked Away (feat. Adam Levine),R. City,reggae fusion,2015,2020‑12‑19,122,68,51,-6,5,57,227,33,7,67
Bulletproof,La Roux,alternative dance,2009,2020‑12‑19,123,88,67,-3,7,68,206,0,5,67
Break Your Heart,Taio Cruz,dance pop,2010,2020‑12‑19,122,90,67,-5,7,63,186,0,3,67
Hot N Cold,Katy Perry,dance pop,2008,2020‑12‑19,132,84,71,-4,7,86,220,0,4,67
Young Forever,JAY-Z,east coast hip hop,2009,2020‑12‑19,140,69,64,-3,21,10,254,42,7,67
In the End,Linkin Park,alternative metal,2000,2020‑12‑19,105,84,56,-7,9,46,217,1,6,67
Teenage Dream,Katy Perry,dance pop,2010,2020‑12‑19,120,80,72,-5,13,59,228,2,4,67
Knock You Down,Keri Hilson,dance pop,2009,2020‑12‑19,155,88,59,-5,17,65,326,1,16,67
Collide,Howie Day,acoustic pop,2003,2020‑12‑19,94,63,64,-8,12,34,249,22,3,67
Good Girls Go Bad (feat. Leighton Meester),Cobra Starship,dance pop,2009,2020‑12‑19,120,87,59,-4,55,63,196,1,8,67
More Hearts Than Mine,Ingrid Andress,contemporary country,2019,2020‑12‑19,81,43,57,-7,11,40,214,11,3,67
Craving You,Thomas Rhett,contemporary country,2017,2020‑12‑19,105,84,61,-4,34,53,224,0,4,67
Just A Kiss,Lady A,contemporary country,2011,2020‑12‑19,143,64,59,-6,10,33,219,45,3,67
Remember You Young,Thomas Rhett,contemporary country,2019,2020‑12‑19,114,51,40,-6,11,30,180,36,3,67
On Me (feat. Ava Max) - From 'SCOOB!' The Album,Thomas Rhett,contemporary country,2020,2020‑12‑19,178,72,55,-4,22,59,165,1,5,67
Like I Loved You,Brett Young,contemporary country,2017,2020‑12‑19,76,57,58,-6,8,64,207,20,3,67
ONE BEER (feat. Lauren Alaina & Devin Dawson),HARDY,contemporary country,2020,2020‑12‑19,186,75,52,-8,28,83,173,56,8,67
Done,Chris Janson,contemporary country,2019,2020‑12‑19,105,84,56,-3,7,76,220,34,3,67
So Good,B.o.B,atl hip hop,2012,2020‑12‑19,86,90,66,-5,22,59,213,4,14,66
Summer Paradise (feat. Sean Paul) - Single Version,Simple Plan,canadian pop punk,2011,2020‑12‑19,172,82,42,-4,9,75,235,1,5,66
Meet Me Halfway,Black Eyed Peas,dance pop,2009,2020‑12‑19,130,63,80,-7,32,40,284,0,7,66
Leavin',Jesse McCartney,dance pop,2008,2020‑12‑19,79,71,69,-6,7,89,217,3,5,66
Love Drunk,Boys Like Girls,dance pop,2009,2020‑12‑19,150,98,44,-3,16,41,227,0,14,66
If We Ever Meet Again (Featuring Katy Perry),Timbaland,dance pop,2009,2020‑12‑19,126,61,65,-7,6,39,293,0,4,66
California Love - Original Version,2Pac,g funk,1998,2020‑12‑19,92,85,76,-3,37,76,285,3,4,66
Teardrops On My Guitar - Radio Single Remix,Taylor Swift,dance pop,2006,2020‑12‑19,100,42,62,-7,12,29,203,29,2,66
Lose Yourself,Eminem,detroit hip hop,2014,2020‑12‑19,171,74,69,-5,37,6,321,1,27,66
Make Me Want To,Jimmie Allen,contemporary country,2018,2020‑12‑19,180,87,52,-3,11,74,172,8,6,66
All On Me,Devin Dawson,contemporary country,2018,2020‑12‑19,81,67,63,-5,22,64,225,14,3,66
homecoming queen?,Kelsea Ballerini,contemporary country,2020,2020‑12‑19,114,51,46,-5,10,29,168,48,3,66
Break Up in the End,Cole Swindell,contemporary country,2018,2020‑12‑19,86,37,51,-8,27,26,200,48,3,66
Life Changes,Thomas Rhett,contemporary country,2017,2020‑12‑19,88,85,69,-4,5,81,190,10,6,66
Back To Life,Rascal Flatts,contemporary country,2018,2020‑12‑19,132,70,47,-5,8,28,214,19,3,66
Pocketful of Sunshine,Natasha Bedingfield,dance pop,2008,2020‑12‑19,110,88,72,-4,8,66,203,19,5,65
I Like It,Enrique Iglesias,dance pop,2010,2020‑12‑19,129,94,65,-3,7,70,232,2,8,65
Home,Michael Bublé,adult standards,2005,2020‑12‑19,128,37,61,-9,11,35,226,84,3,65
Mean,Taylor Swift,dance pop,2010,2020‑12‑19,164,76,57,-4,22,79,238,45,5,65
I Don't Want to Be,Gavin DeGraw,acoustic pop,2003,2020‑12‑19,155,86,42,-5,13,46,218,1,7,65
No Air (feat. Chris Brown),Jordin Sparks,dance pop,2007,2020‑12‑19,160,76,47,-5,6,33,264,5,20,65
Middle of a Memory,Cole Swindell,contemporary country,2016,2020‑12‑19,140,75,53,-4,10,30,226,10,3,65
What She Wants Tonight,Luke Bryan,contemporary country,2019,2020‑12‑19,170,90,48,-4,15,72,187,6,9,65
Sixteen,Thomas Rhett,contemporary country,2017,2020‑12‑19,107,53,71,-7,17,43,178,1,3,65
Her World or Mine,Michael Ray,contemporary country,2018,2020‑12‑19,144,50,57,-7,12,24,209,64,3,65
Southbound,Carrie Underwood,contemporary country,2018,2020‑12‑19,101,88,61,-4,8,72,203,0,4,65
Stay The Night - Featuring Hayley Williams Of Paramore,Zedd,complextro,2012,2020‑12‑19,128,74,60,-3,9,46,217,11,4,64
Stickwitu,The Pussycat Dolls,dance pop,2005,2020‑12‑19,80,54,66,-6,7,43,208,27,5,64
Titanium (feat. Sia),David Guetta,dance pop,2011,2020‑12‑19,126,79,60,-4,13,30,245,7,10,64
STARSTRUKK (feat. Katy Perry),3OH!3,dance pop,2009,2020‑12‑19,140,81,61,-6,23,23,203,0,6,64
Ass Back Home (feat. Neon Hitch),Gym Class Heroes,dance pop,2011,2020‑12‑19,130,84,72,-4,15,65,222,13,5,64
Mad,Ne-Yo,dance pop,2008,2020‑12‑19,130,65,73,-5,11,67,255,66,3,64
Beautiful,Akon,dance pop,2008,2020‑12‑19,130,95,74,-4,11,61,313,12,9,64
Hooked,Dylan Scott,contemporary country,2017,2020‑12‑19,132,72,60,-6,8,44,149,4,4,64
Don't Let Her,Walker Hayes,contemporary country,2019,2020‑12‑19,88,64,71,-5,8,71,194,10,4,64
Day Drunk,Morgan Evans,australian country,2018,2020‑12‑19,97,75,65,-5,7,76,195,2,4,64
This Is Love,will.i.am,dance pop,2013,2020‑12‑19,129,80,54,-3,14,28,279,0,4,63
Breakaway,Kelly Clarkson,dance pop,2004,2020‑12‑19,160,72,27,-4,11,39,237,4,3,63
It Will Rain,Bruno Mars,dance pop,2011,2020‑12‑19,150,82,57,-7,8,43,258,36,5,63
I'm Like A Bird,Nelly Furtado,canadian latin,2000,2020‑12‑19,90,61,62,-5,27,61,243,14,4,63
Domino,Jessie J,dance pop,2011,2020‑12‑19,127,55,76,-5,4,79,232,1,4,63
I'm a Flirt Remix (feat. T.I. & T-Pain),R. Kelly,atl hip hop,2014,2020‑12‑19,138,57,84,-5,6,90,331,7,10,63
Closer To You,Carly Pearce,contemporary country,2020,2020‑12‑19,112,69,66,-5,11,44,187,12,3,63
Thought This Through,Josh Kerr,contemporary country,2020,2020‑12‑19,100,69,79,-7,10,71,173,56,4,63
Babe,Sugarland,contemporary country,2018,2020‑12‑19,172,78,54,-3,14,66,215,2,21,63
Notice,Thomas Rhett,contemporary country,2019,2020‑12‑19,120,70,35,-6,8,26,223,0,4,63
Jet Lag (feat. Natasha Bedingfield),Simple Plan,canadian pop punk,2011,2020‑12‑19,145,96,54,-3,16,69,205,0,6,62
Whatcha Say,Jason Derulo,dance pop,2010,2020‑12‑19,144,71,62,-6,14,71,221,4,8,62
"Airplanes, Pt. II (feat. Eminem & Hayley Williams of Paramore)",B.o.B,atl hip hop,2010,2020‑12‑19,93,88,67,-5,7,39,319,0,21,62
Love You Too Late,Cole Swindell,contemporary country,2018,2020‑12‑19,114,80,54,-4,9,59,205,0,4,62
Won't Go Home Without You,Maroon 5,pop,2007,2020‑12‑19,110,62,74,-4,10,41,231,1,3,61
Stop And Stare,OneRepublic,dance pop,2007,2020‑12‑19,92,86,49,-4,8,25,224,7,3,61
Saturday Nights REMIX,Khalid,alternative r&b,2019,2020‑12‑19,168,41,57,-9,9,35,211,63,8,61
Where'd You Go (feat. Holly Brook & Jonah Matranga),Fort Minor,rap rock,2005,2020‑12‑19,180,82,68,-3,11,25,232,26,24,60
All Night,Icona Pop,candy pop,2013,2020‑12‑19,124,91,60,-3,83,64,187,0,4,60
Hey Ya!,Outkast,atl hip hop,2006,2020‑12‑19,80,95,71,-5,19,97,236,7,6,60
Love The Way You Lie (Part II) - Pt. 2,Rihanna,barbadian pop,2010,2020‑12‑19,166,84,49,-4,5,40,296,33,16,60
Keeping Score (feat. Kelly Clarkson),Dan + Shay,contemporary country,2018,2020‑12‑19,136,62,57,-4,14,34,220,23,3,60
Lost in the Middle of Nowhere (feat. Becky G),Kane Brown,contemporary country,2019,2020‑12‑19,86,75,56,-5,4,44,189,0,5,60
Untitled (How Could This Happen to Me?),Simple Plan,canadian pop punk,2004,2020‑12‑19,186,34,21,-9,9,14,240,88,3,59
Battlefield,Jordin Sparks,dance pop,2009,2020‑12‑19,145,63,61,-3,7,37,241,2,3,59
Pretty Girls (feat. Travie McCoy),Iyaz,dance pop,2011,2020‑12‑19,77,75,65,-5,30,66,224,4,5,59
Man Made,Granger Smith,contemporary country,2020,2020‑12‑19,76,80,58,-6,12,41,194,26,3,59
I Hate Love Songs,Kelsea Ballerini,contemporary country,2018,2020‑12‑19,180,45,39,-8,18,40,191,25,3,59
Alone Together,Dan + Shay,contemporary country,2018,2020‑12‑19,180,87,54,-5,9,67,171,1,12,59
Ridin' Solo,Jason Derulo,dance pop,2010,2020‑12‑19,89,83,44,-4,13,58,216,13,15,58
In My Head,Jason Derulo,dance pop,2010,2020‑12‑19,110,74,76,-4,50,85,199,3,3,58
Misery,Maroon 5,pop,2010,2020‑12‑19,103,81,70,-5,20,71,216,0,4,58
One Step At a Time,Jordin Sparks,dance pop,2007,2020‑12‑19,102,69,77,-5,4,69,205,8,3,58
Kiss Somebody,Morgan Evans,australian country,2017,2020‑12‑19,178,68,49,-7,20,51,212,14,8,58
What Keeps You Up At Night,Dan + Shay,contemporary country,2018,2020‑12‑19,137,53,59,-6,24,53,202,43,3,58
Lights,Ellie Goulding,dance pop,2010,2020‑12‑29,120,73,70,-6,14,72,244,7,3,57
Written in the Stars (feat. Eric Turner),Tinie Tempah,dance pop,2010,2020‑12‑19,91,95,64,-4,18,57,220,6,7,57
Makes Me Wonder,Maroon 5,pop,2007,2020‑12‑19,114,85,80,-2,6,88,211,0,4,57
No Surprise,Daughtry,alternative metal,2016,2020‑12‑19,96,82,51,-4,10,15,271,1,3,57
Tattoo,Jordin Sparks,dance pop,2007,2020‑12‑19,168,77,57,-5,10,55,233,43,4,56
Solo,Iyaz,dance pop,2010,2020‑12‑19,130,73,73,-3,20,68,194,20,3,56
Without You (feat. Usher),David Guetta,dance pop,2011,2020‑12‑19,128,61,61,-4,16,40,208,23,3,56
How Do You Sleep? - Radio Edit Remix,Jesse McCartney,dance pop,2008,2020‑12‑19,106,88,75,-4,9,56,208,34,3,56
What Happens In A Small Town,Brantley Gilbert,contemporary country,2018,2020‑12‑19,138,78,50,-5,14,48,203,0,4,56
Cry Pretty,Carrie Underwood,contemporary country,2018,2020‑12‑19,140,74,37,-3,11,21,247,1,4,56
Harder (with Bebe Rexha),Jax Jones,dance pop,2019,2020‑12‑25,104,83,91,-3,15,75,160,9,7,55
Wake Up Call,Maroon 5,pop,2007,2020‑12‑19,164,95,63,-3,9,97,201,3,6,55
Home,Phillip Phillips,folk-pop,2012,2020‑12‑19,121,83,61,-6,12,32,210,3,3,55
Everytime We Touch,Cascada,bubblegum dance,2006,2020‑12‑19,142,98,63,-5,45,45,196,0,5,55
To Be With You,Mr. Big,album rock,1996,2020‑12‑19,84,41,69,-8,15,48,207,35,4,55
Astronaut,Simple Plan,canadian pop punk,2011,2020‑12‑19,148,88,46,-3,10,54,221,0,4,55
Center Point Road,Thomas Rhett,contemporary country,2019,2020‑12‑19,64,66,24,-6,16,14,217,1,5,55
Lonely,Akon,dance pop,2004,2020‑12‑19,90,53,63,-8,26,62,236,34,3,54
Stupid Love,Dan + Shay,contemporary country,2018,2020‑12‑19,170,55,69,-4,28,73,195,13,4,54
Grave,Thomas Rhett,contemporary country,2017,2020‑12‑19,142,62,55,-6,17,56,194,4,3,54
Your Man,Down With Webster,canadian rock,2009,2020‑12‑19,109,80,70,-5,7,76,169,3,3,53
Perfect,Hedley,canadian pop,2009,2020‑12‑19,153,85,43,-5,10,33,251,10,6,52
Goodbye Summer,Danielle Bradbery,contemporary country,2018,2020‑12‑19,95,66,55,-6,29,70,189,2,3,52
Photograph,Nickelback,alternative metal,2005,2020‑12‑19,146,88,51,-4,9,39,259,0,3,51
Up,Thomas Rhett,contemporary country,2019,2020‑12‑19,90,94,63,-4,32,62,207,3,5,51
Leave (Get Out),Jojo,,2017,2020‑12‑19,87,57,70,-7,8,46,241,17,21,50
Almost,Thomas Rhett,contemporary country,2019,2020‑12‑19,100,74,60,-6,40,51,192,2,2,50
If I Were a Boy,Beyoncé,dance pop,2008,2020‑12‑19,90,52,63,-6,35,43,249,11,3,49
Just A Dream,Nelly,dance pop,2010,2020‑12‑19,180,76,46,-6,12,11,238,4,3,49
Firework,Katy Perry,dance pop,2020,2020‑12‑19,124,87,64,-4,11,65,228,14,5,48
You Belong With Me,Taylor Swift,dance pop,2008,2020‑12‑19,130,76,69,-4,9,45,232,16,4,48
For The Nights I Can't Remember,Hedley,canadian pop,2007,2020‑12‑19,107,79,36,-4,12,38,242,7,4,48
Party In The U.S.A.,Miley Cyrus,dance pop,2019,2020‑12‑19,96,67,66,-6,8,47,204,0,4,48
Sand,Thomas Rhett,contemporary country,2019,2020‑12‑19,90,67,72,-5,6,80,163,37,3,48
Women,Florida Georgia Line,contemporary country,2019,2020‑12‑19,118,59,37,-4,8,45,212,43,4,48
VHS,Thomas Rhett,contemporary country,2019,2020‑12‑19,113,79,71,-5,35,78,196,0,3,48
Things You Do For Love,Thomas Rhett,contemporary country,2019,2020‑12‑19,115,80,55,-6,9,44,207,0,3,48
Evacuate the Dancefloor - Radio Edit,Cascada,bubblegum dance,2009,2020‑12‑19,127,70,75,-6,30,88,210,2,5,47
Rich Girl$,Down With Webster,canadian rock,2009,2020‑12‑19,90,87,63,-5,26,85,221,1,4,47
Bailando - English Version,Enrique Iglesias,dance pop,2014,2020‑12‑19,91,85,72,-4,7,96,243,8,10,47
Dream You Never Had,Thomas Rhett,contemporary country,2019,2020‑12‑19,129,63,47,-6,18,40,202,19,3,47
I Hope You're Happy Now,Lee Brice,contemporary country,2020,2020‑12‑19,118,76,59,-6,14,34,200,14,4,47
Silverado Bench Seat,Granger Smith,contemporary country,2013,2020‑12‑19,126,82,66,-5,33,93,177,8,3,47
Goodbye,Jagged Edge,atl hip hop,2001,2020‑12‑19,130,73,82,-6,5,97,273,13,11,46
Cruise,Florida Georgia Line,contemporary country,2013,2020‑12‑19,148,95,47,-3,8,89,209,2,4,46
Barefoot,Thomas Rhett,contemporary country,2019,2020‑12‑19,100,74,68,-5,32,81,181,5,3,46
Is Anybody Out There?,K'NAAN,reggae fusion,2012,2020‑12‑19,95,87,64,-4,29,42,239,2,18,45
Listen to Your Heart - Edmee's Unplugged Vocal Edit,DHT,eurodance,2005,2020‑12‑19,145,27,56,-9,10,18,271,84,3,45
Satisfaction Guaranteed,Alyssa Reid,canadian pop,2014,2020‑12‑19,102,90,59,-5,37,46,169,7,14,44
Africa,Karl Wolf,canadian pop,2007,2020‑12‑19,93,66,66,-4,7,47,237,6,9,43
Sugar (feat. Wynter),Flo Rida,dance pop,2009,2020‑12‑19,130,87,74,-4,29,20,253,4,3,43
Drift Away,Dobie Gray,motown,2009,2020‑12‑19,76,44,51,-8,11,60,237,28,3,42
U Can Have It All,JRDN,canadian contemporary r&b,2010,2020‑12‑19,75,67,72,-5,32,76,191,1,10,41
California,Eric Ethridge,canadian contemporary country,2018,2020‑12‑19,102,86,55,-2,32,77,196,0,4,41
Alone Again,Alyssa Reid,canadian pop,2011,2020‑12‑19,86,81,49,-5,13,58,229,11,3,40
Tonight (I'm Fuckin' You),Enrique Iglesias,dance pop,2019,2020‑12‑19,126,85,67,-5,10,29,234,2,4,39
Loving You Tonight,Andrew Allen,canadian pop,2014,2020‑12‑19,93,76,73,-4,13,67,182,12,4,39
Heartbreak Coverup,Jesse Labelle,alternative pop rock,2012,2020‑12‑19,154,90,53,-5,34,47,200,27,8,36
E.T.,Katy Perry,dance pop,2020,2020‑12‑19,152,87,62,-5,37,78,231,1,18,35
Like Magic,JRDN,canadian contemporary r&b,2010,2020‑12‑19,147,86,67,-6,29,64,222,22,5,35
Finally Found You,Enrique Iglesias,dance pop,2014,2020‑12‑19,128,88,62,-5,34,63,221,1,9,34
Napkin,Clay Walker,contemporary country,2019,2020‑12‑19,144,74,64,-6,15,64,206,27,4,34
Million Ways,Shawn Hook,canadian pop,2015,2020‑12‑19,113,85,70,-3,32,92,209,1,4,29
About Us,Neverest,canadian pop,2011,2020‑12‑19,85,92,54,-5,21,49,198,2,7,29
I Don't Care,JRDN,canadian contemporary r&b,2010,2020‑12‑19,125,75,64,-6,7,59,223,1,6,23
One Last Night,Jesse Labelle,alternative pop rock,2012,2020‑12‑19,180,79,60,-5,22,58,193,6,11,22
Whatta Night,Ricky J,canadian pop,2011,2020‑12‑19,124,58,73,-7,4,30,221,1,5,21
NYCE 2 Know Ya,K-OS,alternative hip hop,2012,2020‑12‑19,188,78,45,-3,78,58,183,18,14,17
Invincible - Rap Version,Hedley,canadian pop,2011,2020‑12‑19,96,76,61,-5,35,47,224,16,3,11
